job_id,step,process_name
J1001,1,Wafer_Saw
J1001,2,Die_Attach
J1001,3,Wire_Bond
J1001,4,Molding
J1001,5,Rinse
J1001,6,Trim_Form
J1001,7,Electrical_Test
J1001,8,Final_Inspection
J1002,1,Wafer_Saw
J1002,2,Die_Attach
J1002,3,Wire_Bond
J1002,4,Molding
J1002,5,Rinse
J1002,6,Trim_Form
J1002,7,Electrical_Test
J1002,8,Final_Inspection
J1003,1,Wafer_Saw
J1003,2,Die_Attach
J1003,3,Wire_Bond
J1003,4,Molding
J1003,5,Rinse
J1003,6,Trim_Form
J1003,7,Electrical_Test
J1003,8,Final_Inspection
J1004,1,Wafer_Saw
J1004,2,Die_Attach
J1004,3,Wire_Bond
J1004,4,Molding
J1004,5,Rinse
J1004,6,Trim_Form
J1004,7,Electrical_Test
J1004,8,Final_Inspection
J1005,1,Wafer_Saw
J1005,2,Die_Attach
J1005,3,Wire_Bond
J1005,4,Molding
J1005,5,Rinse
J1005,6,Trim_Form
J1005,7,Electrical_Test
J1005,8,Final_Inspection
J1006,1,Wafer_Saw
J1006,2,Die_Attach
J1006,3,Wire_Bond
J1006,4,Molding
J1006,5,Rinse
J1006,6,Trim_Form
J1006,7,Electrical_Test
J1006,8,Final_Inspection
J1007,1,Wafer_Saw
J1007,2,Die_Attach
J1007,3,Wire_Bond
J1007,4,Molding
J1007,5,Rinse
J1007,6,Trim_Form
J1007,7,Electrical_Test
J1007,8,Final_Inspection
J1008,1,Wafer_Saw
J1008,2,Die_Attach
J1008,3,Wire_Bond
J1008,4,Molding
J1008,5,Rinse
J1008,6,Trim_Form
J1008,7,Electrical_Test
J1008,8,Final_Inspection
J1009,1,Wafer_Saw
J1009,2,Die_Attach
J1009,3,Wire_Bond
J1009,4,Molding
J1009,5,Rinse
J1009,6,Trim_Form
J1009,7,Electrical_Test
J1009,8,Final_Inspection
J1010,1,Wafer_Saw
J1010,2,Die_Attach
J1010,3,Wire_Bond
J1010,4,Molding
J1010,5,Rinse
J1010,6,Trim_Form
J1010,7,Electrical_Test
J1010,8,Final_Inspection
J1011,1,Wafer_Saw
J1011,2,Die_Attach
J1011,3,Wire_Bond
J1011,4,Molding
J1011,5,Rinse
J1011,6,Trim_Form
J1011,7,Electrical_Test
J1011,8,Final_Inspection
J1012,1,Wafer_Saw
J1012,2,Die_Attach
J1012,3,Wire_Bond
J1012,4,Molding
J1012,5,Rinse
J1012,6,Trim_Form
J1012,7,Electrical_Test
J1012,8,Final_Inspection
J1013,1,Wafer_Saw
J1013,2,Die_Attach
J1013,3,Wire_Bond
J1013,4,Molding
J1013,5,Rinse
J1013,6,Trim_Form
J1013,7,Electrical_Test
J1013,8,Final_Inspection
J1014,1,Wafer_Saw
J1014,2,Die_Attach
J1014,3,Wire_Bond
J1014,4,Molding
J1014,5,Rinse
J1014,6,Trim_Form
J1014,7,Electrical_Test
J1014,8,Final_Inspection
J1015,1,Wafer_Saw
J1015,2,Die_Attach
J1015,3,Wire_Bond
J1015,4,Molding
J1015,5,Rinse
J1015,6,Trim_Form
J1015,7,Electrical_Test
J1015,8,Final_Inspection
J1016,1,Wafer_Saw
J1016,2,Die_Attach
J1016,3,Wire_Bond
J1016,4,Molding
J1016,5,Rinse
J1016,6,Trim_Form
J1016,7,Electrical_Test
J1016,8,Final_Inspection
J1017,1,Wafer_Saw
J1017,2,Die_Attach
J1017,3,Wire_Bond
J1017,4,Molding
J1017,5,Rinse
J1017,6,Trim_Form
J1017,7,Electrical_Test
J1017,8,Final_Inspection
J1018,1,Wafer_Saw
J1018,2,Die_Attach
J1018,3,Wire_Bond
J1018,4,Molding
J1018,5,Rinse
J1018,6,Trim_Form
J1018,7,Electrical_Test
J1018,8,Final_Inspection
J1019,1,Wafer_Saw
J1019,2,Die_Attach
J1019,3,Wire_Bond
J1019,4,Molding
J1019,5,Rinse
J1019,6,Trim_Form
J1019,7,Electrical_Test
J1019,8,Final_Inspection
J1020,1,Wafer_Saw
J1020,2,Die_Attach
J1020,3,Wire_Bond
J1020,4,Molding
J1020,5,Rinse
J1020,6,Trim_Form
J1020,7,Electrical_Test
J1020,8,Final_Inspection
J1021,1,Wafer_Saw
J1021,2,Die_Attach
J1021,3,Wire_Bond
J1021,4,Molding
J1021,5,Rinse
J1021,6,Trim_Form
J1021,7,Electrical_Test
J1021,8,Final_Inspection
J1022,1,Wafer_Saw
J1022,2,Die_Attach
J1022,3,Wire_Bond
J1022,4,Molding
J1022,5,Rinse
J1022,6,Trim_Form
J1022,7,Electrical_Test
J1022,8,Final_Inspection
J1023,1,Wafer_Saw
J1023,2,Die_Attach
J1023,3,Wire_Bond
J1023,4,Molding
J1023,5,Rinse
J1023,6,Trim_Form
J1023,7,Electrical_Test
J1023,8,Final_Inspection
J1024,1,Wafer_Saw
J1024,2,Die_Attach
J1024,3,Wire_Bond
J1024,4,Molding
J1024,5,Rinse
J1024,6,Trim_Form
J1024,7,Electrical_Test
J1024,8,Final_Inspection
J1025,1,Wafer_Saw
J1025,2,Die_Attach
J1025,3,Wire_Bond
J1025,4,Molding
J1025,5,Rinse
J1025,6,Trim_Form
J1025,7,Electrical_Test
J1025,8,Final_Inspection
J1026,1,Wafer_Saw
J1026,2,Die_Attach
J1026,3,Wire_Bond
J1026,4,Molding
J1026,5,Rinse
J1026,6,Trim_Form
J1026,7,Electrical_Test
J1026,8,Final_Inspection
J1027,1,Wafer_Saw
J1027,2,Die_Attach
J1027,3,Wire_Bond
J1027,4,Molding
J1027,5,Rinse
J1027,6,Trim_Form
J1027,7,Electrical_Test
J1027,8,Final_Inspection
J1028,1,Wafer_Saw
J1028,2,Die_Attach
J1028,3,Wire_Bond
J1028,4,Molding
J1028,5,Rinse
J1028,6,Trim_Form
J1028,7,Electrical_Test
J1028,8,Final_Inspection
J1029,1,Wafer_Saw
J1029,2,Die_Attach
J1029,3,Wire_Bond
J1029,4,Molding
J1029,5,Rinse
J1029,6,Trim_Form
J1029,7,Electrical_Test
J1029,8,Final_Inspection
J1030,1,Wafer_Saw
J1030,2,Die_Attach
J1030,3,Wire_Bond
J1030,4,Molding
J1030,5,Rinse
J1030,6,Trim_Form
J1030,7,Electrical_Test
J1030,8,Final_Inspection
J1031,1,Wafer_Saw
J1031,2,Die_Attach
J1031,3,Wire_Bond
J1031,4,Molding
J1031,5,Rinse
J1031,6,Trim_Form
J1031,7,Electrical_Test
J1031,8,Final_Inspection
J1032,1,Wafer_Saw
J1032,2,Die_Attach
J1032,3,Wire_Bond
J1032,4,Molding
J1032,5,Rinse
J1032,6,Trim_Form
J1032,7,Electrical_Test
J1032,8,Final_Inspection
J1033,1,Wafer_Saw
J1033,2,Die_Attach
J1033,3,Wire_Bond
J1033,4,Molding
J1033,5,Rinse
J1033,6,Trim_Form
J1033,7,Electrical_Test
J1033,8,Final_Inspection
J1034,1,Wafer_Saw
J1034,2,Die_Attach
J1034,3,Wire_Bond
J1034,4,Molding
J1034,5,Rinse
J1034,6,Trim_Form
J1034,7,Electrical_Test
J1034,8,Final_Inspection
J1035,1,Wafer_Saw
J1035,2,Die_Attach
J1035,3,Wire_Bond
J1035,4,Molding
J1035,5,Rinse
J1035,6,Trim_Form
J1035,7,Electrical_Test
J1035,8,Final_Inspection
J1036,1,Wafer_Saw
J1036,2,Die_Attach
J1036,3,Wire_Bond
J1036,4,Molding
J1036,5,Rinse
J1036,6,Trim_Form
J1036,7,Electrical_Test
J1036,8,Final_Inspection
J1037,1,Wafer_Saw
J1037,2,Die_Attach
J1037,3,Wire_Bond
J1037,4,Molding
J1037,5,Rinse
J1037,6,Trim_Form
J1037,7,Electrical_Test
J1037,8,Final_Inspection
J1038,1,Wafer_Saw
J1038,2,Die_Attach
J1038,3,Wire_Bond
J1038,4,Molding
J1038,5,Rinse
J1038,6,Trim_Form
J1038,7,Electrical_Test
J1038,8,Final_Inspection
J1039,1,Wafer_Saw
J1039,2,Die_Attach
J1039,3,Wire_Bond
J1039,4,Molding
J1039,5,Rinse
J1039,6,Trim_Form
J1039,7,Electrical_Test
J1039,8,Final_Inspection
J1040,1,Wafer_Saw
J1040,2,Die_Attach
J1040,3,Wire_Bond
J1040,4,Molding
J1040,5,Rinse
J1040,6,Trim_Form
J1040,7,Electrical_Test
J1040,8,Final_Inspection
J1041,1,Wafer_Saw
J1041,2,Die_Attach
J1041,3,Wire_Bond
J1041,4,Molding
J1041,5,Rinse
J1041,6,Trim_Form
J1041,7,Electrical_Test
J1041,8,Final_Inspection
J1042,1,Wafer_Saw
J1042,2,Die_Attach
J1042,3,Wire_Bond
J1042,4,Molding
J1042,5,Rinse
J1042,6,Trim_Form
J1042,7,Electrical_Test
J1042,8,Final_Inspection
J1043,1,Wafer_Saw
J1043,2,Die_Attach
J1043,3,Wire_Bond
J1043,4,Molding
J1043,5,Rinse
J1043,6,Trim_Form
J1043,7,Electrical_Test
J1043,8,Final_Inspection
J1044,1,Wafer_Saw
J1044,2,Die_Attach
J1044,3,Wire_Bond
J1044,4,Molding
J1044,5,Rinse
J1044,6,Trim_Form
J1044,7,Electrical_Test
J1044,8,Final_Inspection
J1045,1,Wafer_Saw
J1045,2,Die_Attach
J1045,3,Wire_Bond
J1045,4,Molding
J1045,5,Rinse
J1045,6,Trim_Form
J1045,7,Electrical_Test
J1045,8,Final_Inspection
J1046,1,Wafer_Saw
J1046,2,Die_Attach
J1046,3,Wire_Bond
J1046,4,Molding
J1046,5,Rinse
J1046,6,Trim_Form
J1046,7,Electrical_Test
J1046,8,Final_Inspection
J1047,1,Wafer_Saw
J1047,2,Die_Attach
J1047,3,Wire_Bond
J1047,4,Molding
J1047,5,Rinse
J1047,6,Trim_Form
J1047,7,Electrical_Test
J1047,8,Final_Inspection
J1048,1,Wafer_Saw
J1048,2,Die_Attach
J1048,3,Wire_Bond
J1048,4,Molding
J1048,5,Rinse
J1048,6,Trim_Form
J1048,7,Electrical_Test
J1048,8,Final_Inspection
J1049,1,Wafer_Saw
J1049,2,Die_Attach
J1049,3,Wire_Bond
J1049,4,Molding
J1049,5,Rinse
J1049,6,Trim_Form
J1049,7,Electrical_Test
J1049,8,Final_Inspection
J1050,1,Wafer_Saw
J1050,2,Die_Attach
J1050,3,Wire_Bond
J1050,4,Molding
J1050,5,Rinse
J1050,6,Trim_Form
J1050,7,Electrical_Test
J1050,8,Final_Inspection
J1051,1,Wafer_Saw
J1051,2,Die_Attach
J1051,3,Wire_Bond
J1051,4,Molding
J1051,5,Rinse
J1051,6,Trim_Form
J1051,7,Electrical_Test
J1051,8,Final_Inspection
J1052,1,Wafer_Saw
J1052,2,Die_Attach
J1052,3,Wire_Bond
J1052,4,Molding
J1052,5,Rinse
J1052,6,Trim_Form
J1052,7,Electrical_Test
J1052,8,Final_Inspection
J1053,1,Wafer_Saw
J1053,2,Die_Attach
J1053,3,Wire_Bond
J1053,4,Molding
J1053,5,Rinse
J1053,6,Trim_Form
J1053,7,Electrical_Test
J1053,8,Final_Inspection
J1054,1,Wafer_Saw
J1054,2,Die_Attach
J1054,3,Wire_Bond
J1054,4,Molding
J1054,5,Rinse
J1054,6,Trim_Form
J1054,7,Electrical_Test
J1054,8,Final_Inspection
J1055,1,Wafer_Saw
J1055,2,Die_Attach
J1055,3,Wire_Bond
J1055,4,Molding
J1055,5,Rinse
J1055,6,Trim_Form
J1055,7,Electrical_Test
J1055,8,Final_Inspection
J1056,1,Wafer_Saw
J1056,2,Die_Attach
J1056,3,Wire_Bond
J1056,4,Molding
J1056,5,Rinse
J1056,6,Trim_Form
J1056,7,Electrical_Test
J1056,8,Final_Inspection
J1057,1,Wafer_Saw
J1057,2,Die_Attach
J1057,3,Wire_Bond
J1057,4,Molding
J1057,5,Rinse
J1057,6,Trim_Form
J1057,7,Electrical_Test
J1057,8,Final_Inspection
J1058,1,Wafer_Saw
J1058,2,Die_Attach
J1058,3,Wire_Bond
J1058,4,Molding
J1058,5,Rinse
J1058,6,Trim_Form
J1058,7,Electrical_Test
J1058,8,Final_Inspection
J1059,1,Wafer_Saw
J1059,2,Die_Attach
J1059,3,Wire_Bond
J1059,4,Molding
J1059,5,Rinse
J1059,6,Trim_Form
J1059,7,Electrical_Test
J1059,8,Final_Inspection
J1060,1,Wafer_Saw
J1060,2,Die_Attach
J1060,3,Wire_Bond
J1060,4,Molding
J1060,5,Rinse
J1060,6,Trim_Form
J1060,7,Electrical_Test
J1060,8,Final_Inspection
J1061,1,Wafer_Saw
J1061,2,Die_Attach
J1061,3,Wire_Bond
J1061,4,Molding
J1061,5,Rinse
J1061,6,Trim_Form
J1061,7,Electrical_Test
J1061,8,Final_Inspection
J1062,1,Wafer_Saw
J1062,2,Die_Attach
J1062,3,Wire_Bond
J1062,4,Molding
J1062,5,Rinse
J1062,6,Plating
J1062,7,Trim_Form
J1062,8,Electrical_Test
J1062,9,Final_Inspection
J1063,1,Wafer_Saw
J1063,2,Die_Attach
J1063,3,Wire_Bond
J1063,4,Molding
J1063,5,Rinse
J1063,6,Plating
J1063,7,Trim_Form
J1063,8,Electrical_Test
J1063,9,Final_Inspection
J1064,1,Wafer_Saw
J1064,2,Die_Attach
J1064,3,Wire_Bond
J1064,4,Molding
J1064,5,Rinse
J1064,6,Plating
J1064,7,Trim_Form
J1064,8,Electrical_Test
J1064,9,Final_Inspection
J1065,1,Wafer_Saw
J1065,2,Die_Attach
J1065,3,Wire_Bond
J1065,4,Molding
J1065,5,Rinse
J1065,6,Plating
J1065,7,Trim_Form
J1065,8,Electrical_Test
J1065,9,Final_Inspection
J1066,1,Wafer_Saw
J1066,2,Die_Attach
J1066,3,Wire_Bond
J1066,4,Molding
J1066,5,Rinse
J1066,6,Plating
J1066,7,Trim_Form
J1066,8,Electrical_Test
J1066,9,Final_Inspection
J1067,1,Wafer_Saw
J1067,2,Die_Attach
J1067,3,Wire_Bond
J1067,4,Molding
J1067,5,Rinse
J1067,6,Plating
J1067,7,Trim_Form
J1067,8,Electrical_Test
J1067,9,Final_Inspection
J1068,1,Wafer_Saw
J1068,2,Die_Attach
J1068,3,Wire_Bond
J1068,4,Molding
J1068,5,Rinse
J1068,6,Plating
J1068,7,Trim_Form
J1068,8,Electrical_Test
J1068,9,Final_Inspection
J1069,1,Wafer_Saw
J1069,2,Die_Attach
J1069,3,Wire_Bond
J1069,4,Molding
J1069,5,Rinse
J1069,6,Plating
J1069,7,Trim_Form
J1069,8,Electrical_Test
J1069,9,Final_Inspection
J1070,1,Wafer_Saw
J1070,2,Die_Attach
J1070,3,Wire_Bond
J1070,4,Molding
J1070,5,Rinse
J1070,6,Plating
J1070,7,Trim_Form
J1070,8,Electrical_Test
J1070,9,Final_Inspection
J1071,1,Wafer_Saw
J1071,2,Die_Attach
J1071,3,Wire_Bond
J1071,4,Molding
J1071,5,Rinse
J1071,6,Plating
J1071,7,Trim_Form
J1071,8,Electrical_Test
J1071,9,Final_Inspection
J1072,1,Wafer_Saw
J1072,2,Die_Attach
J1072,3,Wire_Bond
J1072,4,Molding
J1072,5,Rinse
J1072,6,Plating
J1072,7,Trim_Form
J1072,8,Electrical_Test
J1072,9,Final_Inspection
J1073,1,Wafer_Saw
J1073,2,Die_Attach
J1073,3,Wire_Bond
J1073,4,Molding
J1073,5,Rinse
J1073,6,Plating
J1073,7,Trim_Form
J1073,8,Electrical_Test
J1073,9,Final_Inspection
J1074,1,Wafer_Saw
J1074,2,Die_Attach
J1074,3,Wire_Bond
J1074,4,Molding
J1074,5,Rinse
J1074,6,Plating
J1074,7,Trim_Form
J1074,8,Electrical_Test
J1074,9,Final_Inspection
J1075,1,Wafer_Saw
J1075,2,Die_Attach
J1075,3,Wire_Bond
J1075,4,Molding
J1075,5,Rinse
J1075,6,Plating
J1075,7,Trim_Form
J1075,8,Electrical_Test
J1075,9,Final_Inspection
J1076,1,Wafer_Saw
J1076,2,Die_Attach
J1076,3,Wire_Bond
J1076,4,Molding
J1076,5,Rinse
J1076,6,Plating
J1076,7,Trim_Form
J1076,8,Electrical_Test
J1076,9,Final_Inspection
J1077,1,Wafer_Saw
J1077,2,Die_Attach
J1077,3,Wire_Bond
J1077,4,Molding
J1077,5,Rinse
J1077,6,Plating
J1077,7,Trim_Form
J1077,8,Electrical_Test
J1077,9,Final_Inspection
J1078,1,Wafer_Saw
J1078,2,Die_Attach
J1078,3,Wire_Bond
J1078,4,Molding
J1078,5,Rinse
J1078,6,Plating
J1078,7,Trim_Form
J1078,8,Electrical_Test
J1078,9,Final_Inspection
J1079,1,Wafer_Saw
J1079,2,Die_Attach
J1079,3,Wire_Bond
J1079,4,Molding
J1079,5,Rinse
J1079,6,Plating
J1079,7,Trim_Form
J1079,8,Electrical_Test
J1079,9,Final_Inspection
J1080,1,Wafer_Saw
J1080,2,Die_Attach
J1080,3,Wire_Bond
J1080,4,Molding
J1080,5,Rinse
J1080,6,Plating
J1080,7,Trim_Form
J1080,8,Electrical_Test
J1080,9,Final_Inspection
J1081,1,Wafer_Saw
J1081,2,Die_Attach
J1081,3,Wire_Bond
J1081,4,Molding
J1081,5,Rinse
J1081,6,Plating
J1081,7,Trim_Form
J1081,8,Electrical_Test
J1081,9,Final_Inspection
J1082,1,Wafer_Saw
J1082,2,Die_Attach
J1082,3,Wire_Bond
J1082,4,Molding
J1082,5,Rinse
J1082,6,Plating
J1082,7,Trim_Form
J1082,8,Electrical_Test
J1082,9,Final_Inspection
J1083,1,Wafer_Saw
J1083,2,Die_Attach
J1083,3,Wire_Bond
J1083,4,Molding
J1083,5,Rinse
J1083,6,Plating
J1083,7,Trim_Form
J1083,8,Electrical_Test
J1083,9,Final_Inspection
J1084,1,Wafer_Saw
J1084,2,Die_Attach
J1084,3,Wire_Bond
J1084,4,Molding
J1084,5,Rinse
J1084,6,Plating
J1084,7,Trim_Form
J1084,8,Electrical_Test
J1084,9,Final_Inspection
J1085,1,Wafer_Saw
J1085,2,Die_Attach
J1085,3,Wire_Bond
J1085,4,Molding
J1085,5,Rinse
J1085,6,Plating
J1085,7,Trim_Form
J1085,8,Electrical_Test
J1085,9,Final_Inspection
J1086,1,Wafer_Saw
J1086,2,Die_Attach
J1086,3,Wire_Bond
J1086,4,Molding
J1086,5,Rinse
J1086,6,Plating
J1086,7,Trim_Form
J1086,8,Electrical_Test
J1086,9,Final_Inspection
J1087,1,Wafer_Saw
J1087,2,Die_Attach
J1087,3,Wire_Bond
J1087,4,Molding
J1087,5,Rinse
J1087,6,Plating
J1087,7,Trim_Form
J1087,8,Electrical_Test
J1087,9,Final_Inspection
J1088,1,Wafer_Saw
J1088,2,Die_Attach
J1088,3,Wire_Bond
J1088,4,Molding
J1088,5,Rinse
J1088,6,Plating
J1088,7,Trim_Form
J1088,8,Electrical_Test
J1088,9,Final_Inspection
J1089,1,Wafer_Saw
J1089,2,Die_Attach
J1089,3,Wire_Bond
J1089,4,Molding
J1089,5,Rinse
J1089,6,Plating
J1089,7,Trim_Form
J1089,8,Electrical_Test
J1089,9,Final_Inspection
J1090,1,Wafer_Saw
J1090,2,Die_Attach
J1090,3,Wire_Bond
J1090,4,Molding
J1090,5,Rinse
J1090,6,Plating
J1090,7,Trim_Form
J1090,8,Electrical_Test
J1090,9,Final_Inspection
J1091,1,Wafer_Saw
J1091,2,Die_Attach
J1091,3,Wire_Bond
J1091,4,Molding
J1091,5,Rinse
J1091,6,Plating
J1091,7,Trim_Form
J1091,8,Electrical_Test
J1091,9,Final_Inspection
J1092,1,Wafer_Saw
J1092,2,Die_Attach
J1092,3,Wire_Bond
J1092,4,Molding
J1092,5,Rinse
J1092,6,Plating
J1092,7,Trim_Form
J1092,8,Electrical_Test
J1092,9,Final_Inspection
J1093,1,Wafer_Saw
J1093,2,Die_Attach
J1093,3,Wire_Bond
J1093,4,Molding
J1093,5,Rinse
J1093,6,Plating
J1093,7,Trim_Form
J1093,8,Electrical_Test
J1093,9,Final_Inspection
J1094,1,Wafer_Saw
J1094,2,Die_Attach
J1094,3,Wire_Bond
J1094,4,Molding
J1094,5,Rinse
J1094,6,Plating
J1094,7,Trim_Form
J1094,8,Electrical_Test
J1094,9,Final_Inspection
J1095,1,Wafer_Saw
J1095,2,Die_Attach
J1095,3,Wire_Bond
J1095,4,Molding
J1095,5,Rinse
J1095,6,Plating
J1095,7,Trim_Form
J1095,8,Electrical_Test
J1095,9,Final_Inspection
J1096,1,Wafer_Saw
J1096,2,Die_Attach
J1096,3,Wire_Bond
J1096,4,Molding
J1096,5,Rinse
J1096,6,Plating
J1096,7,Trim_Form
J1096,8,Electrical_Test
J1096,9,Final_Inspection
J1097,1,Wafer_Saw
J1097,2,Die_Attach
J1097,3,Wire_Bond
J1097,4,Molding
J1097,5,Rinse
J1097,6,Plating
J1097,7,Trim_Form
J1097,8,Electrical_Test
J1097,9,Final_Inspection
J1098,1,Wafer_Saw
J1098,2,Die_Attach
J1098,3,Wire_Bond
J1098,4,Molding
J1098,5,Rinse
J1098,6,Plating
J1098,7,Trim_Form
J1098,8,Electrical_Test
J1098,9,Final_Inspection
J1099,1,Wafer_Saw
J1099,2,Die_Attach
J1099,3,Wire_Bond
J1099,4,Molding
J1099,5,Rinse
J1099,6,Plating
J1099,7,Trim_Form
J1099,8,Electrical_Test
J1099,9,Final_Inspection
J1100,1,Wafer_Saw
J1100,2,Die_Attach
J1100,3,Wire_Bond
J1100,4,Molding
J1100,5,Rinse
J1100,6,Plating
J1100,7,Trim_Form
J1100,8,Electrical_Test
J1100,9,Final_Inspection
J1101,1,Wafer_Saw
J1101,2,Die_Attach
J1101,3,Wire_Bond
J1101,4,Molding
J1101,5,Rinse
J1101,6,Plating
J1101,7,Trim_Form
J1101,8,Electrical_Test
J1101,9,Final_Inspection
J1102,1,Wafer_Saw
J1102,2,Die_Attach
J1102,3,Wire_Bond
J1102,4,Molding
J1102,5,Rinse
J1102,6,Plating
J1102,7,Trim_Form
J1102,8,Electrical_Test
J1102,9,Final_Inspection
J1103,1,Wafer_Saw
J1103,2,Die_Attach
J1103,3,Wire_Bond
J1103,4,Molding
J1103,5,Rinse
J1103,6,Plating
J1103,7,Trim_Form
J1103,8,Electrical_Test
J1103,9,Final_Inspection
J1104,1,Wafer_Saw
J1104,2,Die_Attach
J1104,3,Wire_Bond
J1104,4,Molding
J1104,5,Rinse
J1104,6,Plating
J1104,7,Trim_Form
J1104,8,Electrical_Test
J1104,9,Final_Inspection
J1105,1,Wafer_Saw
J1105,2,Die_Attach
J1105,3,Wire_Bond
J1105,4,Molding
J1105,5,Rinse
J1105,6,Plating
J1105,7,Trim_Form
J1105,8,Electrical_Test
J1105,9,Final_Inspection
J1106,1,Wafer_Saw
J1106,2,Die_Attach
J1106,3,Wire_Bond
J1106,4,Molding
J1106,5,Rinse
J1106,6,Plating
J1106,7,Trim_Form
J1106,8,Electrical_Test
J1106,9,Final_Inspection
J1107,1,Wafer_Saw
J1107,2,Die_Attach
J1107,3,Wire_Bond
J1107,4,Molding
J1107,5,Rinse
J1107,6,Plating
J1107,7,Trim_Form
J1107,8,Electrical_Test
J1107,9,Final_Inspection
J1108,1,Wafer_Saw
J1108,2,Die_Attach
J1108,3,Wire_Bond
J1108,4,Molding
J1108,5,Rinse
J1108,6,Plating
J1108,7,Trim_Form
J1108,8,Electrical_Test
J1108,9,Final_Inspection
J1109,1,Wafer_Saw
J1109,2,Die_Attach
J1109,3,Wire_Bond
J1109,4,Molding
J1109,5,Rinse
J1109,6,Plating
J1109,7,Trim_Form
J1109,8,Electrical_Test
J1109,9,Final_Inspection
J1110,1,Wafer_Saw
J1110,2,Die_Attach
J1110,3,Wire_Bond
J1110,4,Molding
J1110,5,Rinse
J1110,6,Plating
J1110,7,Trim_Form
J1110,8,Electrical_Test
J1110,9,Final_Inspection
J1111,1,Wafer_Saw
J1111,2,Die_Attach
J1111,3,Wire_Bond
J1111,4,Molding
J1111,5,Rinse
J1111,6,Plating
J1111,7,Trim_Form
J1111,8,Electrical_Test
J1111,9,Final_Inspection
J1112,1,Wafer_Saw
J1112,2,Die_Attach
J1112,3,Wire_Bond
J1112,4,Molding
J1112,5,Rinse
J1112,6,Plating
J1112,7,Trim_Form
J1112,8,Electrical_Test
J1112,9,Final_Inspection
J1113,1,Wafer_Saw
J1113,2,Die_Attach
J1113,3,Wire_Bond
J1113,4,Molding
J1113,5,Rinse
J1113,6,Plating
J1113,7,Trim_Form
J1113,8,Electrical_Test
J1113,9,Final_Inspection
J1114,1,Wafer_Saw
J1114,2,Die_Attach
J1114,3,Wire_Bond
J1114,4,Molding
J1114,5,Rinse
J1114,6,Plating
J1114,7,Trim_Form
J1114,8,Electrical_Test
J1114,9,Final_Inspection
J1115,1,Wafer_Saw
J1115,2,Die_Attach
J1115,3,Wire_Bond
J1115,4,Molding
J1115,5,Rinse
J1115,6,Plating
J1115,7,Trim_Form
J1115,8,Electrical_Test
J1115,9,Final_Inspection
J1116,1,Wafer_Saw
J1116,2,Die_Attach
J1116,3,Wire_Bond
J1116,4,Molding
J1116,5,Rinse
J1116,6,Plating
J1116,7,Trim_Form
J1116,8,Electrical_Test
J1116,9,Final_Inspection
J1117,1,Wafer_Saw
J1117,2,Die_Attach
J1117,3,Wire_Bond
J1117,4,Molding
J1117,5,Rinse
J1117,6,Plating
J1117,7,Trim_Form
J1117,8,Electrical_Test
J1117,9,Final_Inspection
J1118,1,Wafer_Saw
J1118,2,Die_Attach
J1118,3,Wire_Bond
J1118,4,Molding
J1118,5,Rinse
J1118,6,Plating
J1118,7,Trim_Form
J1118,8,Electrical_Test
J1118,9,Final_Inspection
J1119,1,Wafer_Saw
J1119,2,Die_Attach
J1119,3,Wire_Bond
J1119,4,Molding
J1119,5,Rinse
J1119,6,Plating
J1119,7,Trim_Form
J1119,8,Electrical_Test
J1119,9,Final_Inspection
J1120,1,Wafer_Saw
J1120,2,Die_Attach
J1120,3,Wire_Bond
J1120,4,Molding
J1120,5,Rinse
J1120,6,Plating
J1120,7,Trim_Form
J1120,8,Electrical_Test
J1120,9,Final_Inspection
J1121,1,Wafer_Saw
J1121,2,Die_Attach
J1121,3,Wire_Bond
J1121,4,Molding
J1121,5,Rinse
J1121,6,Plating
J1121,7,Trim_Form
J1121,8,Electrical_Test
J1121,9,Final_Inspection
J1122,1,Wafer_Saw
J1122,2,Die_Attach
J1122,3,Wire_Bond
J1122,4,Molding
J1122,5,Rinse
J1122,6,Plating
J1122,7,Trim_Form
J1122,8,Electrical_Test
J1122,9,Final_Inspection
J1123,1,Wafer_Saw
J1123,2,Die_Attach
J1123,3,Wire_Bond
J1123,4,Molding
J1123,5,Rinse
J1123,6,Plating
J1123,7,Trim_Form
J1123,8,Electrical_Test
J1123,9,Final_Inspection
J1124,1,Wafer_Saw
J1124,2,Die_Attach
J1124,3,Wire_Bond
J1124,4,Molding
J1124,5,Rinse
J1124,6,Plating
J1124,7,Trim_Form
J1124,8,Electrical_Test
J1124,9,Final_Inspection
J1125,1,Wafer_Saw
J1125,2,Die_Attach
J1125,3,Wire_Bond
J1125,4,Molding
J1125,5,Rinse
J1125,6,Plating
J1125,7,Trim_Form
J1125,8,Electrical_Test
J1125,9,Final_Inspection
J1126,1,Wafer_Saw
J1126,2,Die_Attach
J1126,3,Wire_Bond
J1126,4,Molding
J1126,5,Rinse
J1126,6,Plating
J1126,7,Trim_Form
J1126,8,Electrical_Test
J1126,9,Final_Inspection
J1127,1,Wafer_Saw
J1127,2,Die_Attach
J1127,3,Wire_Bond
J1127,4,Molding
J1127,5,Rinse
J1127,6,Plating
J1127,7,Trim_Form
J1127,8,Electrical_Test
J1127,9,Final_Inspection
J1128,1,Wafer_Saw
J1128,2,Die_Attach
J1128,3,Wire_Bond
J1128,4,Molding
J1128,5,Rinse
J1128,6,Plating
J1128,7,Trim_Form
J1128,8,Electrical_Test
J1128,9,Final_Inspection
J1129,1,Wafer_Saw
J1129,2,Die_Attach
J1129,3,Wire_Bond
J1129,4,Molding
J1129,5,Rinse
J1129,6,Plating
J1129,7,Trim_Form
J1129,8,Electrical_Test
J1129,9,Final_Inspection
J1130,1,Wafer_Saw
J1130,2,Die_Attach
J1130,3,Wire_Bond
J1130,4,Molding
J1130,5,Rinse
J1130,6,Plating
J1130,7,Trim_Form
J1130,8,Electrical_Test
J1130,9,Final_Inspection
J1131,1,Wafer_Saw
J1131,2,Die_Attach
J1131,3,Wire_Bond
J1131,4,Molding
J1131,5,Rinse
J1131,6,Plating
J1131,7,Trim_Form
J1131,8,Electrical_Test
J1131,9,Final_Inspection
J1132,1,Wafer_Saw
J1132,2,Die_Attach
J1132,3,Wire_Bond
J1132,4,Molding
J1132,5,Rinse
J1132,6,Coating
J1132,7,Trim_Form
J1132,8,Laser_Marking
J1132,9,Electrical_Test
J1132,10,Final_Inspection
J1133,1,Wafer_Saw
J1133,2,Die_Attach
J1133,3,Wire_Bond
J1133,4,Molding
J1133,5,Rinse
J1133,6,Coating
J1133,7,Trim_Form
J1133,8,Laser_Marking
J1133,9,Electrical_Test
J1133,10,Final_Inspection
J1134,1,Wafer_Saw
J1134,2,Die_Attach
J1134,3,Wire_Bond
J1134,4,Molding
J1134,5,Rinse
J1134,6,Coating
J1134,7,Trim_Form
J1134,8,Laser_Marking
J1134,9,Electrical_Test
J1134,10,Final_Inspection
J1135,1,Wafer_Saw
J1135,2,Die_Attach
J1135,3,Wire_Bond
J1135,4,Molding
J1135,5,Rinse
J1135,6,Coating
J1135,7,Trim_Form
J1135,8,Laser_Marking
J1135,9,Electrical_Test
J1135,10,Final_Inspection
J1136,1,Wafer_Saw
J1136,2,Die_Attach
J1136,3,Wire_Bond
J1136,4,Molding
J1136,5,Rinse
J1136,6,Coating
J1136,7,Trim_Form
J1136,8,Laser_Marking
J1136,9,Electrical_Test
J1136,10,Final_Inspection
J1137,1,Wafer_Saw
J1137,2,Die_Attach
J1137,3,Wire_Bond
J1137,4,Molding
J1137,5,Rinse
J1137,6,Coating
J1137,7,Trim_Form
J1137,8,Laser_Marking
J1137,9,Electrical_Test
J1137,10,Final_Inspection
J1138,1,Wafer_Saw
J1138,2,Die_Attach
J1138,3,Wire_Bond
J1138,4,Molding
J1138,5,Rinse
J1138,6,Coating
J1138,7,Trim_Form
J1138,8,Laser_Marking
J1138,9,Electrical_Test
J1138,10,Final_Inspection
J1139,1,Wafer_Saw
J1139,2,Die_Attach
J1139,3,Wire_Bond
J1139,4,Molding
J1139,5,Rinse
J1139,6,Coating
J1139,7,Trim_Form
J1139,8,Laser_Marking
J1139,9,Electrical_Test
J1139,10,Final_Inspection
J1140,1,Wafer_Saw
J1140,2,Die_Attach
J1140,3,Wire_Bond
J1140,4,Molding
J1140,5,Rinse
J1140,6,Coating
J1140,7,Trim_Form
J1140,8,Laser_Marking
J1140,9,Electrical_Test
J1140,10,Final_Inspection
J1141,1,Wafer_Saw
J1141,2,Die_Attach
J1141,3,Wire_Bond
J1141,4,Molding
J1141,5,Rinse
J1141,6,Coating
J1141,7,Trim_Form
J1141,8,Laser_Marking
J1141,9,Electrical_Test
J1141,10,Final_Inspection
J1142,1,Wafer_Saw
J1142,2,Die_Attach
J1142,3,Wire_Bond
J1142,4,Molding
J1142,5,Rinse
J1142,6,Coating
J1142,7,Trim_Form
J1142,8,Laser_Marking
J1142,9,Electrical_Test
J1142,10,Final_Inspection
J1143,1,Wafer_Saw
J1143,2,Die_Attach
J1143,3,Wire_Bond
J1143,4,Molding
J1143,5,Rinse
J1143,6,Coating
J1143,7,Trim_Form
J1143,8,Laser_Marking
J1143,9,Electrical_Test
J1143,10,Final_Inspection
J1144,1,Wafer_Saw
J1144,2,Die_Attach
J1144,3,Wire_Bond
J1144,4,Molding
J1144,5,Rinse
J1144,6,Coating
J1144,7,Trim_Form
J1144,8,Laser_Marking
J1144,9,Electrical_Test
J1144,10,Final_Inspection
J1145,1,Wafer_Saw
J1145,2,Die_Attach
J1145,3,Wire_Bond
J1145,4,Molding
J1145,5,Rinse
J1145,6,Coating
J1145,7,Trim_Form
J1145,8,Laser_Marking
J1145,9,Electrical_Test
J1145,10,Final_Inspection
J1146,1,Wafer_Saw
J1146,2,Die_Attach
J1146,3,Wire_Bond
J1146,4,Molding
J1146,5,Rinse
J1146,6,Coating
J1146,7,Trim_Form
J1146,8,Laser_Marking
J1146,9,Electrical_Test
J1146,10,Final_Inspection
J1147,1,Wafer_Saw
J1147,2,Die_Attach
J1147,3,Wire_Bond
J1147,4,Molding
J1147,5,Rinse
J1147,6,Coating
J1147,7,Trim_Form
J1147,8,Laser_Marking
J1147,9,Electrical_Test
J1147,10,Final_Inspection
J1148,1,Wafer_Saw
J1148,2,Die_Attach
J1148,3,Wire_Bond
J1148,4,Molding
J1148,5,Rinse
J1148,6,Coating
J1148,7,Trim_Form
J1148,8,Laser_Marking
J1148,9,Electrical_Test
J1148,10,Final_Inspection
J1149,1,Wafer_Saw
J1149,2,Die_Attach
J1149,3,Wire_Bond
J1149,4,Molding
J1149,5,Rinse
J1149,6,Coating
J1149,7,Trim_Form
J1149,8,Laser_Marking
J1149,9,Electrical_Test
J1149,10,Final_Inspection
J1150,1,Wafer_Saw
J1150,2,Die_Attach
J1150,3,Wire_Bond
J1150,4,Molding
J1150,5,Rinse
J1150,6,Coating
J1150,7,Trim_Form
J1150,8,Laser_Marking
J1150,9,Electrical_Test
J1150,10,Final_Inspection
J1151,1,Wafer_Saw
J1151,2,Die_Attach
J1151,3,Wire_Bond
J1151,4,Molding
J1151,5,Rinse
J1151,6,Coating
J1151,7,Trim_Form
J1151,8,Laser_Marking
J1151,9,Electrical_Test
J1151,10,Final_Inspection
J1152,1,Wafer_Saw
J1152,2,Die_Attach
J1152,3,Wire_Bond
J1152,4,Molding
J1152,5,Rinse
J1152,6,Coating
J1152,7,Trim_Form
J1152,8,Laser_Marking
J1152,9,Electrical_Test
J1152,10,Final_Inspection
J1153,1,Wafer_Saw
J1153,2,Die_Attach
J1153,3,Wire_Bond
J1153,4,Molding
J1153,5,Rinse
J1153,6,Coating
J1153,7,Trim_Form
J1153,8,Laser_Marking
J1153,9,Electrical_Test
J1153,10,Final_Inspection
J1154,1,Wafer_Saw
J1154,2,Die_Attach
J1154,3,Wire_Bond
J1154,4,Molding
J1154,5,Rinse
J1154,6,Coating
J1154,7,Trim_Form
J1154,8,Laser_Marking
J1154,9,Electrical_Test
J1154,10,Final_Inspection
J1155,1,Wafer_Saw
J1155,2,Die_Attach
J1155,3,Wire_Bond
J1155,4,Molding
J1155,5,Rinse
J1155,6,Coating
J1155,7,Trim_Form
J1155,8,Laser_Marking
J1155,9,Electrical_Test
J1155,10,Final_Inspection
J1156,1,Wafer_Saw
J1156,2,Die_Attach
J1156,3,Wire_Bond
J1156,4,Molding
J1156,5,Rinse
J1156,6,Coating
J1156,7,Trim_Form
J1156,8,Laser_Marking
J1156,9,Electrical_Test
J1156,10,Final_Inspection
J1157,1,Wafer_Saw
J1157,2,Die_Attach
J1157,3,Wire_Bond
J1157,4,Molding
J1157,5,Rinse
J1157,6,Coating
J1157,7,Trim_Form
J1157,8,Laser_Marking
J1157,9,Electrical_Test
J1157,10,Final_Inspection
J1158,1,Wafer_Saw
J1158,2,Die_Attach
J1158,3,Wire_Bond
J1158,4,Molding
J1158,5,Rinse
J1158,6,Coating
J1158,7,Trim_Form
J1158,8,Laser_Marking
J1158,9,Electrical_Test
J1158,10,Final_Inspection
J1159,1,Wafer_Saw
J1159,2,Die_Attach
J1159,3,Wire_Bond
J1159,4,Molding
J1159,5,Rinse
J1159,6,Coating
J1159,7,Trim_Form
J1159,8,Laser_Marking
J1159,9,Electrical_Test
J1159,10,Final_Inspection
J1160,1,Wafer_Saw
J1160,2,Die_Attach
J1160,3,Wire_Bond
J1160,4,Molding
J1160,5,Rinse
J1160,6,Coating
J1160,7,Trim_Form
J1160,8,Laser_Marking
J1160,9,Electrical_Test
J1160,10,Final_Inspection
J1161,1,Wafer_Saw
J1161,2,Die_Attach
J1161,3,Wire_Bond
J1161,4,Molding
J1161,5,Rinse
J1161,6,Coating
J1161,7,Trim_Form
J1161,8,Laser_Marking
J1161,9,Electrical_Test
J1161,10,Final_Inspection
J1162,1,Wafer_Saw
J1162,2,Die_Attach
J1162,3,Wire_Bond
J1162,4,Molding
J1162,5,Rinse
J1162,6,Coating
J1162,7,Trim_Form
J1162,8,Laser_Marking
J1162,9,Electrical_Test
J1162,10,Final_Inspection
J1163,1,Wafer_Saw
J1163,2,Die_Attach
J1163,3,Wire_Bond
J1163,4,Molding
J1163,5,Rinse
J1163,6,Coating
J1163,7,Trim_Form
J1163,8,Laser_Marking
J1163,9,Electrical_Test
J1163,10,Final_Inspection
J1164,1,Wafer_Saw
J1164,2,Die_Attach
J1164,3,Wire_Bond
J1164,4,Molding
J1164,5,Rinse
J1164,6,Coating
J1164,7,Trim_Form
J1164,8,Laser_Marking
J1164,9,Electrical_Test
J1164,10,Final_Inspection
J1165,1,Wafer_Saw
J1165,2,Die_Attach
J1165,3,Wire_Bond
J1165,4,Molding
J1165,5,Rinse
J1165,6,Coating
J1165,7,Trim_Form
J1165,8,Laser_Marking
J1165,9,Electrical_Test
J1165,10,Final_Inspection
J1166,1,Wafer_Saw
J1166,2,Die_Attach
J1166,3,Wire_Bond
J1166,4,Molding
J1166,5,Rinse
J1166,6,Coating
J1166,7,Trim_Form
J1166,8,Laser_Marking
J1166,9,Electrical_Test
J1166,10,Final_Inspection
J1167,1,Wafer_Saw
J1167,2,Die_Attach
J1167,3,Wire_Bond
J1167,4,Molding
J1167,5,Rinse
J1167,6,Coating
J1167,7,Trim_Form
J1167,8,Laser_Marking
J1167,9,Electrical_Test
J1167,10,Final_Inspection
J1168,1,Wafer_Saw
J1168,2,Die_Attach
J1168,3,Wire_Bond
J1168,4,Molding
J1168,5,Rinse
J1168,6,Coating
J1168,7,Trim_Form
J1168,8,Laser_Marking
J1168,9,Electrical_Test
J1168,10,Final_Inspection
J1169,1,Wafer_Saw
J1169,2,Die_Attach
J1169,3,Wire_Bond
J1169,4,Molding
J1169,5,Rinse
J1169,6,Coating
J1169,7,Trim_Form
J1169,8,Laser_Marking
J1169,9,Electrical_Test
J1169,10,Final_Inspection
J1170,1,Wafer_Saw
J1170,2,Die_Attach
J1170,3,Wire_Bond
J1170,4,Molding
J1170,5,Rinse
J1170,6,Coating
J1170,7,Trim_Form
J1170,8,Laser_Marking
J1170,9,Electrical_Test
J1170,10,Final_Inspection
J1171,1,Wafer_Saw
J1171,2,Die_Attach
J1171,3,Wire_Bond
J1171,4,Molding
J1171,5,Rinse
J1171,6,Coating
J1171,7,Trim_Form
J1171,8,Laser_Marking
J1171,9,Electrical_Test
J1171,10,Final_Inspection
J1172,1,Wafer_Saw
J1172,2,Die_Attach
J1172,3,Wire_Bond
J1172,4,Molding
J1172,5,Rinse
J1172,6,Coating
J1172,7,Trim_Form
J1172,8,Laser_Marking
J1172,9,Electrical_Test
J1172,10,Final_Inspection
J1173,1,Wafer_Saw
J1173,2,Die_Attach
J1173,3,Wire_Bond
J1173,4,Molding
J1173,5,Rinse
J1173,6,Coating
J1173,7,Trim_Form
J1173,8,Laser_Marking
J1173,9,Electrical_Test
J1173,10,Final_Inspection
J1174,1,Wafer_Saw
J1174,2,Die_Attach
J1174,3,Wire_Bond
J1174,4,Molding
J1174,5,Rinse
J1174,6,Coating
J1174,7,Trim_Form
J1174,8,Laser_Marking
J1174,9,Electrical_Test
J1174,10,Final_Inspection
J1175,1,Wafer_Saw
J1175,2,Die_Attach
J1175,3,Wire_Bond
J1175,4,Molding
J1175,5,Rinse
J1175,6,Coating
J1175,7,Trim_Form
J1175,8,Laser_Marking
J1175,9,Electrical_Test
J1175,10,Final_Inspection
J1176,1,Wafer_Saw
J1176,2,Die_Attach
J1176,3,Wire_Bond
J1176,4,Molding
J1176,5,Rinse
J1176,6,Coating
J1176,7,Trim_Form
J1176,8,Laser_Marking
J1176,9,Electrical_Test
J1176,10,Final_Inspection
J1177,1,Wafer_Saw
J1177,2,Die_Attach
J1177,3,Wire_Bond
J1177,4,Molding
J1177,5,Rinse
J1177,6,Coating
J1177,7,Trim_Form
J1177,8,Laser_Marking
J1177,9,Electrical_Test
J1177,10,Final_Inspection
J1178,1,Wafer_Saw
J1178,2,Die_Attach
J1178,3,Wire_Bond
J1178,4,Molding
J1178,5,Rinse
J1178,6,Coating
J1178,7,Trim_Form
J1178,8,Laser_Marking
J1178,9,Electrical_Test
J1178,10,Final_Inspection
J1179,1,Wafer_Saw
J1179,2,Die_Attach
J1179,3,Wire_Bond
J1179,4,Molding
J1179,5,Rinse
J1179,6,Coating
J1179,7,Trim_Form
J1179,8,Laser_Marking
J1179,9,Electrical_Test
J1179,10,Final_Inspection
J1180,1,Wafer_Saw
J1180,2,Die_Attach
J1180,3,Wire_Bond
J1180,4,Molding
J1180,5,Rinse
J1180,6,Coating
J1180,7,Trim_Form
J1180,8,Laser_Marking
J1180,9,Electrical_Test
J1180,10,Final_Inspection
J1181,1,Wafer_Saw
J1181,2,Die_Attach
J1181,3,Wire_Bond
J1181,4,Molding
J1181,5,Rinse
J1181,6,Coating
J1181,7,Trim_Form
J1181,8,Laser_Marking
J1181,9,Electrical_Test
J1181,10,Final_Inspection
J1182,1,Wafer_Saw
J1182,2,Die_Attach
J1182,3,Wire_Bond
J1182,4,Molding
J1182,5,Rinse
J1182,6,Coating
J1182,7,Trim_Form
J1182,8,Laser_Marking
J1182,9,Electrical_Test
J1182,10,Final_Inspection
J1183,1,Wafer_Saw
J1183,2,Die_Attach
J1183,3,Wire_Bond
J1183,4,Molding
J1183,5,Rinse
J1183,6,Coating
J1183,7,Trim_Form
J1183,8,Laser_Marking
J1183,9,Electrical_Test
J1183,10,Final_Inspection
J1184,1,Wafer_Saw
J1184,2,Die_Attach
J1184,3,Wire_Bond
J1184,4,Molding
J1184,5,Rinse
J1184,6,Coating
J1184,7,Trim_Form
J1184,8,Laser_Marking
J1184,9,Electrical_Test
J1184,10,Final_Inspection
J1185,1,Wafer_Saw
J1185,2,Die_Attach
J1185,3,Wire_Bond
J1185,4,Molding
J1185,5,Rinse
J1185,6,Coating
J1185,7,Trim_Form
J1185,8,Laser_Marking
J1185,9,Electrical_Test
J1185,10,Final_Inspection
J1186,1,Wafer_Saw
J1186,2,Die_Attach
J1186,3,Wire_Bond
J1186,4,Molding
J1186,5,Rinse
J1186,6,Coating
J1186,7,Trim_Form
J1186,8,Laser_Marking
J1186,9,Electrical_Test
J1186,10,Final_Inspection
J1187,1,Wafer_Saw
J1187,2,Die_Attach
J1187,3,Wire_Bond
J1187,4,Molding
J1187,5,Rinse
J1187,6,Coating
J1187,7,Trim_Form
J1187,8,Laser_Marking
J1187,9,Electrical_Test
J1187,10,Final_Inspection
J1188,1,Wafer_Saw
J1188,2,Die_Attach
J1188,3,Wire_Bond
J1188,4,Molding
J1188,5,Rinse
J1188,6,Coating
J1188,7,Trim_Form
J1188,8,Laser_Marking
J1188,9,Electrical_Test
J1188,10,Final_Inspection
J1189,1,Wafer_Saw
J1189,2,Die_Attach
J1189,3,Wire_Bond
J1189,4,Molding
J1189,5,Rinse
J1189,6,Coating
J1189,7,Trim_Form
J1189,8,Laser_Marking
J1189,9,Electrical_Test
J1189,10,Final_Inspection
J1190,1,Wafer_Saw
J1190,2,Die_Attach
J1190,3,Wire_Bond
J1190,4,Molding
J1190,5,Rinse
J1190,6,Coating
J1190,7,Trim_Form
J1190,8,Laser_Marking
J1190,9,Electrical_Test
J1190,10,Final_Inspection
J1191,1,Wafer_Saw
J1191,2,Die_Attach
J1191,3,Wire_Bond
J1191,4,Molding
J1191,5,Rinse
J1191,6,Coating
J1191,7,Trim_Form
J1191,8,Laser_Marking
J1191,9,Electrical_Test
J1191,10,Final_Inspection
J1192,1,Wafer_Saw
J1192,2,Die_Attach
J1192,3,Wire_Bond
J1192,4,Molding
J1192,5,Rinse
J1192,6,Coating
J1192,7,Trim_Form
J1192,8,Laser_Marking
J1192,9,Electrical_Test
J1192,10,Final_Inspection
J1193,1,Wafer_Saw
J1193,2,Die_Attach
J1193,3,Wire_Bond
J1193,4,Molding
J1193,5,Rinse
J1193,6,Coating
J1193,7,Trim_Form
J1193,8,Laser_Marking
J1193,9,Electrical_Test
J1193,10,Final_Inspection
J1194,1,Wafer_Saw
J1194,2,Die_Attach
J1194,3,Wire_Bond
J1194,4,Molding
J1194,5,Rinse
J1194,6,Coating
J1194,7,Trim_Form
J1194,8,Laser_Marking
J1194,9,Electrical_Test
J1194,10,Final_Inspection
J1195,1,Wafer_Saw
J1195,2,Die_Attach
J1195,3,Wire_Bond
J1195,4,Molding
J1195,5,Rinse
J1195,6,Coating
J1195,7,Trim_Form
J1195,8,Laser_Marking
J1195,9,Electrical_Test
J1195,10,Final_Inspection
J1196,1,Wafer_Saw
J1196,2,Die_Attach
J1196,3,Wire_Bond
J1196,4,Molding
J1196,5,Rinse
J1196,6,Trim_Form
J1196,7,Electrical_Test
J1196,8,Final_Inspection
J1197,1,Wafer_Saw
J1197,2,Die_Attach
J1197,3,Wire_Bond
J1197,4,Molding
J1197,5,Rinse
J1197,6,Trim_Form
J1197,7,Electrical_Test
J1197,8,Final_Inspection
J1198,1,Wafer_Saw
J1198,2,Die_Attach
J1198,3,Wire_Bond
J1198,4,Molding
J1198,5,Rinse
J1198,6,Trim_Form
J1198,7,Electrical_Test
J1198,8,Final_Inspection
J1199,1,Wafer_Saw
J1199,2,Die_Attach
J1199,3,Wire_Bond
J1199,4,Molding
J1199,5,Rinse
J1199,6,Trim_Form
J1199,7,Electrical_Test
J1199,8,Final_Inspection
J1200,1,Wafer_Saw
J1200,2,Die_Attach
J1200,3,Wire_Bond
J1200,4,Molding
J1200,5,Rinse
J1200,6,Trim_Form
J1200,7,Electrical_Test
J1200,8,Final_Inspection
J1201,1,Wafer_Saw
J1201,2,Die_Attach
J1201,3,Wire_Bond
J1201,4,Molding
J1201,5,Rinse
J1201,6,Trim_Form
J1201,7,Electrical_Test
J1201,8,Final_Inspection
J1202,1,Wafer_Saw
J1202,2,Die_Attach
J1202,3,Wire_Bond
J1202,4,Molding
J1202,5,Rinse
J1202,6,Trim_Form
J1202,7,Electrical_Test
J1202,8,Final_Inspection
J1203,1,Wafer_Saw
J1203,2,Die_Attach
J1203,3,Wire_Bond
J1203,4,Molding
J1203,5,Rinse
J1203,6,Trim_Form
J1203,7,Electrical_Test
J1203,8,Final_Inspection
J1204,1,Wafer_Saw
J1204,2,Die_Attach
J1204,3,Wire_Bond
J1204,4,Molding
J1204,5,Rinse
J1204,6,Trim_Form
J1204,7,Electrical_Test
J1204,8,Final_Inspection
J1205,1,Wafer_Saw
J1205,2,Die_Attach
J1205,3,Wire_Bond
J1205,4,Molding
J1205,5,Rinse
J1205,6,Trim_Form
J1205,7,Electrical_Test
J1205,8,Final_Inspection
J1206,1,Wafer_Saw
J1206,2,Die_Attach
J1206,3,Wire_Bond
J1206,4,Molding
J1206,5,Rinse
J1206,6,Trim_Form
J1206,7,Electrical_Test
J1206,8,Final_Inspection
J1207,1,Wafer_Saw
J1207,2,Die_Attach
J1207,3,Wire_Bond
J1207,4,Molding
J1207,5,Rinse
J1207,6,Trim_Form
J1207,7,Electrical_Test
J1207,8,Final_Inspection
J1208,1,Wafer_Saw
J1208,2,Die_Attach
J1208,3,Wire_Bond
J1208,4,Molding
J1208,5,Rinse
J1208,6,Trim_Form
J1208,7,Electrical_Test
J1208,8,Final_Inspection
J1209,1,Wafer_Saw
J1209,2,Die_Attach
J1209,3,Wire_Bond
J1209,4,Molding
J1209,5,Rinse
J1209,6,Trim_Form
J1209,7,Electrical_Test
J1209,8,Final_Inspection
J1210,1,Wafer_Saw
J1210,2,Die_Attach
J1210,3,Wire_Bond
J1210,4,Molding
J1210,5,Rinse
J1210,6,Trim_Form
J1210,7,Electrical_Test
J1210,8,Final_Inspection
J1211,1,Wafer_Saw
J1211,2,Die_Attach
J1211,3,Wire_Bond
J1211,4,Molding
J1211,5,Rinse
J1211,6,Trim_Form
J1211,7,Electrical_Test
J1211,8,Final_Inspection
J1212,1,Wafer_Saw
J1212,2,Die_Attach
J1212,3,Wire_Bond
J1212,4,Molding
J1212,5,Rinse
J1212,6,Trim_Form
J1212,7,Electrical_Test
J1212,8,Final_Inspection
J1213,1,Wafer_Saw
J1213,2,Die_Attach
J1213,3,Wire_Bond
J1213,4,Molding
J1213,5,Rinse
J1213,6,Trim_Form
J1213,7,Electrical_Test
J1213,8,Final_Inspection
J1214,1,Wafer_Saw
J1214,2,Die_Attach
J1214,3,Wire_Bond
J1214,4,Molding
J1214,5,Rinse
J1214,6,Trim_Form
J1214,7,Electrical_Test
J1214,8,Final_Inspection
J1215,1,Wafer_Saw
J1215,2,Die_Attach
J1215,3,Wire_Bond
J1215,4,Molding
J1215,5,Rinse
J1215,6,Trim_Form
J1215,7,Electrical_Test
J1215,8,Final_Inspection
J1216,1,Wafer_Saw
J1216,2,Die_Attach
J1216,3,Wire_Bond
J1216,4,Molding
J1216,5,Rinse
J1216,6,Trim_Form
J1216,7,Electrical_Test
J1216,8,Final_Inspection
J1217,1,Wafer_Saw
J1217,2,Die_Attach
J1217,3,Wire_Bond
J1217,4,Molding
J1217,5,Rinse
J1217,6,Trim_Form
J1217,7,Electrical_Test
J1217,8,Final_Inspection
J1218,1,Wafer_Saw
J1218,2,Die_Attach
J1218,3,Wire_Bond
J1218,4,Molding
J1218,5,Rinse
J1218,6,Trim_Form
J1218,7,Electrical_Test
J1218,8,Final_Inspection
J1219,1,Wafer_Saw
J1219,2,Die_Attach
J1219,3,Wire_Bond
J1219,4,Molding
J1219,5,Rinse
J1219,6,Trim_Form
J1219,7,Electrical_Test
J1219,8,Final_Inspection
J1220,1,Wafer_Saw
J1220,2,Die_Attach
J1220,3,Wire_Bond
J1220,4,Molding
J1220,5,Rinse
J1220,6,Trim_Form
J1220,7,Electrical_Test
J1220,8,Final_Inspection
J1221,1,Wafer_Saw
J1221,2,Die_Attach
J1221,3,Wire_Bond
J1221,4,Molding
J1221,5,Rinse
J1221,6,Trim_Form
J1221,7,Electrical_Test
J1221,8,Final_Inspection
J1222,1,Wafer_Saw
J1222,2,Die_Attach
J1222,3,Wire_Bond
J1222,4,Molding
J1222,5,Rinse
J1222,6,Trim_Form
J1222,7,Electrical_Test
J1222,8,Final_Inspection
J1223,1,Wafer_Saw
J1223,2,Die_Attach
J1223,3,Wire_Bond
J1223,4,Molding
J1223,5,Rinse
J1223,6,Trim_Form
J1223,7,Electrical_Test
J1223,8,Final_Inspection
J1224,1,Wafer_Saw
J1224,2,Die_Attach
J1224,3,Wire_Bond
J1224,4,Molding
J1224,5,Rinse
J1224,6,Trim_Form
J1224,7,Electrical_Test
J1224,8,Final_Inspection
J1225,1,Wafer_Saw
J1225,2,Die_Attach
J1225,3,Wire_Bond
J1225,4,Molding
J1225,5,Rinse
J1225,6,Trim_Form
J1225,7,Electrical_Test
J1225,8,Final_Inspection
J1226,1,Wafer_Saw
J1226,2,Die_Attach
J1226,3,Wire_Bond
J1226,4,Molding
J1226,5,Rinse
J1226,6,Trim_Form
J1226,7,Electrical_Test
J1226,8,Final_Inspection
J1227,1,Wafer_Saw
J1227,2,Die_Attach
J1227,3,Wire_Bond
J1227,4,Molding
J1227,5,Rinse
J1227,6,Trim_Form
J1227,7,Electrical_Test
J1227,8,Final_Inspection
J1228,1,Wafer_Saw
J1228,2,Die_Attach
J1228,3,Wire_Bond
J1228,4,Molding
J1228,5,Rinse
J1228,6,Plating
J1228,7,Trim_Form
J1228,8,Electrical_Test
J1228,9,Final_Inspection
J1229,1,Wafer_Saw
J1229,2,Die_Attach
J1229,3,Wire_Bond
J1229,4,Molding
J1229,5,Rinse
J1229,6,Plating
J1229,7,Trim_Form
J1229,8,Electrical_Test
J1229,9,Final_Inspection
J1230,1,Wafer_Saw
J1230,2,Die_Attach
J1230,3,Wire_Bond
J1230,4,Molding
J1230,5,Rinse
J1230,6,Plating
J1230,7,Trim_Form
J1230,8,Electrical_Test
J1230,9,Final_Inspection
J1231,1,Wafer_Saw
J1231,2,Die_Attach
J1231,3,Wire_Bond
J1231,4,Molding
J1231,5,Rinse
J1231,6,Plating
J1231,7,Trim_Form
J1231,8,Electrical_Test
J1231,9,Final_Inspection
J1232,1,Wafer_Saw
J1232,2,Die_Attach
J1232,3,Wire_Bond
J1232,4,Molding
J1232,5,Rinse
J1232,6,Plating
J1232,7,Trim_Form
J1232,8,Electrical_Test
J1232,9,Final_Inspection
J1233,1,Wafer_Saw
J1233,2,Die_Attach
J1233,3,Wire_Bond
J1233,4,Molding
J1233,5,Rinse
J1233,6,Plating
J1233,7,Trim_Form
J1233,8,Electrical_Test
J1233,9,Final_Inspection
J1234,1,Wafer_Saw
J1234,2,Die_Attach
J1234,3,Wire_Bond
J1234,4,Molding
J1234,5,Rinse
J1234,6,Plating
J1234,7,Trim_Form
J1234,8,Electrical_Test
J1234,9,Final_Inspection
J1235,1,Wafer_Saw
J1235,2,Die_Attach
J1235,3,Wire_Bond
J1235,4,Molding
J1235,5,Rinse
J1235,6,Plating
J1235,7,Trim_Form
J1235,8,Electrical_Test
J1235,9,Final_Inspection
J1236,1,Wafer_Saw
J1236,2,Die_Attach
J1236,3,Wire_Bond
J1236,4,Molding
J1236,5,Rinse
J1236,6,Plating
J1236,7,Trim_Form
J1236,8,Electrical_Test
J1236,9,Final_Inspection
J1237,1,Wafer_Saw
J1237,2,Die_Attach
J1237,3,Wire_Bond
J1237,4,Molding
J1237,5,Rinse
J1237,6,Plating
J1237,7,Trim_Form
J1237,8,Electrical_Test
J1237,9,Final_Inspection
J1238,1,Wafer_Saw
J1238,2,Die_Attach
J1238,3,Wire_Bond
J1238,4,Molding
J1238,5,Rinse
J1238,6,Plating
J1238,7,Trim_Form
J1238,8,Electrical_Test
J1238,9,Final_Inspection
J1239,1,Wafer_Saw
J1239,2,Die_Attach
J1239,3,Wire_Bond
J1239,4,Molding
J1239,5,Rinse
J1239,6,Plating
J1239,7,Trim_Form
J1239,8,Electrical_Test
J1239,9,Final_Inspection
J1240,1,Wafer_Saw
J1240,2,Die_Attach
J1240,3,Wire_Bond
J1240,4,Molding
J1240,5,Rinse
J1240,6,Plating
J1240,7,Trim_Form
J1240,8,Electrical_Test
J1240,9,Final_Inspection
J1241,1,Wafer_Saw
J1241,2,Die_Attach
J1241,3,Wire_Bond
J1241,4,Molding
J1241,5,Rinse
J1241,6,Plating
J1241,7,Trim_Form
J1241,8,Electrical_Test
J1241,9,Final_Inspection
J1242,1,Wafer_Saw
J1242,2,Die_Attach
J1242,3,Wire_Bond
J1242,4,Molding
J1242,5,Rinse
J1242,6,Plating
J1242,7,Trim_Form
J1242,8,Electrical_Test
J1242,9,Final_Inspection
J1243,1,Wafer_Saw
J1243,2,Die_Attach
J1243,3,Wire_Bond
J1243,4,Molding
J1243,5,Rinse
J1243,6,Plating
J1243,7,Trim_Form
J1243,8,Electrical_Test
J1243,9,Final_Inspection
J1244,1,Wafer_Saw
J1244,2,Die_Attach
J1244,3,Wire_Bond
J1244,4,Molding
J1244,5,Rinse
J1244,6,Coating
J1244,7,Trim_Form
J1244,8,Laser_Marking
J1244,9,Electrical_Test
J1244,10,Final_Inspection
J1245,1,Wafer_Saw
J1245,2,Die_Attach
J1245,3,Wire_Bond
J1245,4,Molding
J1245,5,Rinse
J1245,6,Coating
J1245,7,Trim_Form
J1245,8,Laser_Marking
J1245,9,Electrical_Test
J1245,10,Final_Inspection
J1246,1,Wafer_Saw
J1246,2,Die_Attach
J1246,3,Wire_Bond
J1246,4,Molding
J1246,5,Rinse
J1246,6,Coating
J1246,7,Trim_Form
J1246,8,Laser_Marking
J1246,9,Electrical_Test
J1246,10,Final_Inspection
J1247,1,Wafer_Saw
J1247,2,Die_Attach
J1247,3,Wire_Bond
J1247,4,Molding
J1247,5,Rinse
J1247,6,Coating
J1247,7,Trim_Form
J1247,8,Laser_Marking
J1247,9,Electrical_Test
J1247,10,Final_Inspection
J1248,1,Wafer_Saw
J1248,2,Die_Attach
J1248,3,Wire_Bond
J1248,4,Molding
J1248,5,Rinse
J1248,6,Coating
J1248,7,Trim_Form
J1248,8,Laser_Marking
J1248,9,Electrical_Test
J1248,10,Final_Inspection
J1249,1,Wafer_Saw
J1249,2,Die_Attach
J1249,3,Wire_Bond
J1249,4,Molding
J1249,5,Rinse
J1249,6,Coating
J1249,7,Trim_Form
J1249,8,Laser_Marking
J1249,9,Electrical_Test
J1249,10,Final_Inspection
J1250,1,Wafer_Saw
J1250,2,Die_Attach
J1250,3,Wire_Bond
J1250,4,Molding
J1250,5,Rinse
J1250,6,Coating
J1250,7,Trim_Form
J1250,8,Laser_Marking
J1250,9,Electrical_Test
J1250,10,Final_Inspection
J1251,1,Wafer_Saw
J1251,2,Die_Attach
J1251,3,Wire_Bond
J1251,4,Molding
J1251,5,Rinse
J1251,6,Coating
J1251,7,Trim_Form
J1251,8,Laser_Marking
J1251,9,Electrical_Test
J1251,10,Final_Inspection
J1252,1,Wafer_Saw
J1252,2,Die_Attach
J1252,3,Wire_Bond
J1252,4,Molding
J1252,5,Rinse
J1252,6,Coating
J1252,7,Trim_Form
J1252,8,Laser_Marking
J1252,9,Electrical_Test
J1252,10,Final_Inspection
J1253,1,Wafer_Saw
J1253,2,Die_Attach
J1253,3,Wire_Bond
J1253,4,Molding
J1253,5,Rinse
J1253,6,Coating
J1253,7,Trim_Form
J1253,8,Laser_Marking
J1253,9,Electrical_Test
J1253,10,Final_Inspection
J1254,1,Wafer_Saw
J1254,2,Die_Attach
J1254,3,Wire_Bond
J1254,4,Molding
J1254,5,Rinse
J1254,6,Coating
J1254,7,Trim_Form
J1254,8,Laser_Marking
J1254,9,Electrical_Test
J1254,10,Final_Inspection
J1255,1,Wafer_Saw
J1255,2,Die_Attach
J1255,3,Wire_Bond
J1255,4,Molding
J1255,5,Rinse
J1255,6,Coating
J1255,7,Trim_Form
J1255,8,Laser_Marking
J1255,9,Electrical_Test
J1255,10,Final_Inspection
J1256,1,Wafer_Saw
J1256,2,Die_Attach
J1256,3,Wire_Bond
J1256,4,Molding
J1256,5,Rinse
J1256,6,Coating
J1256,7,Trim_Form
J1256,8,Laser_Marking
J1256,9,Electrical_Test
J1256,10,Final_Inspection
J1257,1,Wafer_Saw
J1257,2,Die_Attach
J1257,3,Wire_Bond
J1257,4,Molding
J1257,5,Rinse
J1257,6,Coating
J1257,7,Trim_Form
J1257,8,Laser_Marking
J1257,9,Electrical_Test
J1257,10,Final_Inspection
J1258,1,Wafer_Saw
J1258,2,Die_Attach
J1258,3,Wire_Bond
J1258,4,Molding
J1258,5,Rinse
J1258,6,Coating
J1258,7,Trim_Form
J1258,8,Laser_Marking
J1258,9,Electrical_Test
J1258,10,Final_Inspection
J1259,1,Wafer_Saw
J1259,2,Die_Attach
J1259,3,Wire_Bond
J1259,4,Molding
J1259,5,Rinse
J1259,6,Coating
J1259,7,Trim_Form
J1259,8,Laser_Marking
J1259,9,Electrical_Test
J1259,10,Final_Inspection
J1260,1,Wafer_Saw
J1260,2,Die_Attach
J1260,3,Wire_Bond
J1260,4,Molding
J1260,5,Rinse
J1260,6,Coating
J1260,7,Trim_Form
J1260,8,Laser_Marking
J1260,9,Electrical_Test
J1260,10,Final_Inspection
J1261,1,Wafer_Saw
J1261,2,Die_Attach
J1261,3,Wire_Bond
J1261,4,Molding
J1261,5,Rinse
J1261,6,Coating
J1261,7,Trim_Form
J1261,8,Laser_Marking
J1261,9,Electrical_Test
J1261,10,Final_Inspection
J1262,1,Wafer_Saw
J1262,2,Die_Attach
J1262,3,Wire_Bond
J1262,4,Molding
J1262,5,Rinse
J1262,6,Coating
J1262,7,Trim_Form
J1262,8,Laser_Marking
J1262,9,Electrical_Test
J1262,10,Final_Inspection
J1263,1,Wafer_Saw
J1263,2,Die_Attach
J1263,3,Wire_Bond
J1263,4,Molding
J1263,5,Rinse
J1263,6,Coating
J1263,7,Trim_Form
J1263,8,Laser_Marking
J1263,9,Electrical_Test
J1263,10,Final_Inspection
J1264,1,Wafer_Saw
J1264,2,Die_Attach
J1264,3,Wire_Bond
J1264,4,Molding
J1264,5,Rinse
J1264,6,Coating
J1264,7,Trim_Form
J1264,8,Laser_Marking
J1264,9,Electrical_Test
J1264,10,Final_Inspection
J1265,1,Wafer_Saw
J1265,2,Die_Attach
J1265,3,Wire_Bond
J1265,4,Molding
J1265,5,Rinse
J1265,6,Coating
J1265,7,Trim_Form
J1265,8,Laser_Marking
J1265,9,Electrical_Test
J1265,10,Final_Inspection
J1266,1,Wafer_Saw
J1266,2,Die_Attach
J1266,3,Wire_Bond
J1266,4,Molding
J1266,5,Rinse
J1266,6,Coating
J1266,7,Trim_Form
J1266,8,Laser_Marking
J1266,9,Electrical_Test
J1266,10,Final_Inspection
J1267,1,Wafer_Saw
J1267,2,Die_Attach
J1267,3,Wire_Bond
J1267,4,Molding
J1267,5,Rinse
J1267,6,Coating
J1267,7,Trim_Form
J1267,8,Laser_Marking
J1267,9,Electrical_Test
J1267,10,Final_Inspection
J1268,1,Wafer_Saw
J1268,2,Die_Attach
J1268,3,Wire_Bond
J1268,4,Molding
J1268,5,Rinse
J1268,6,Coating
J1268,7,Trim_Form
J1268,8,Laser_Marking
J1268,9,Electrical_Test
J1268,10,Final_Inspection
J1269,1,Wafer_Saw
J1269,2,Die_Attach
J1269,3,Wire_Bond
J1269,4,Molding
J1269,5,Rinse
J1269,6,Coating
J1269,7,Trim_Form
J1269,8,Laser_Marking
J1269,9,Electrical_Test
J1269,10,Final_Inspection
J1270,1,Wafer_Saw
J1270,2,Die_Attach
J1270,3,Wire_Bond
J1270,4,Molding
J1270,5,Rinse
J1270,6,Coating
J1270,7,Trim_Form
J1270,8,Laser_Marking
J1270,9,Electrical_Test
J1270,10,Final_Inspection
J1271,1,Wafer_Saw
J1271,2,Die_Attach
J1271,3,Wire_Bond
J1271,4,Molding
J1271,5,Rinse
J1271,6,Coating
J1271,7,Trim_Form
J1271,8,Laser_Marking
J1271,9,Electrical_Test
J1271,10,Final_Inspection
J1272,1,Wafer_Saw
J1272,2,Die_Attach
J1272,3,Wire_Bond
J1272,4,Molding
J1272,5,Rinse
J1272,6,Trim_Form
J1272,7,Laser_Marking
J1272,8,Electrical_Test
J1272,9,Final_Inspection
J1273,1,Wafer_Saw
J1273,2,Die_Attach
J1273,3,Wire_Bond
J1273,4,Molding
J1273,5,Rinse
J1273,6,Trim_Form
J1273,7,Laser_Marking
J1273,8,Electrical_Test
J1273,9,Final_Inspection
J1274,1,Wafer_Saw
J1274,2,Die_Attach
J1274,3,Wire_Bond
J1274,4,Molding
J1274,5,Rinse
J1274,6,Trim_Form
J1274,7,Laser_Marking
J1274,8,Electrical_Test
J1274,9,Final_Inspection
J1275,1,Wafer_Saw
J1275,2,Die_Attach
J1275,3,Wire_Bond
J1275,4,Molding
J1275,5,Rinse
J1275,6,Trim_Form
J1275,7,Laser_Marking
J1275,8,Electrical_Test
J1275,9,Final_Inspection
J1276,1,Wafer_Saw
J1276,2,Die_Attach
J1276,3,Wire_Bond
J1276,4,Molding
J1276,5,Rinse
J1276,6,Trim_Form
J1276,7,Laser_Marking
J1276,8,Electrical_Test
J1276,9,Final_Inspection
J1277,1,Wafer_Saw
J1277,2,Die_Attach
J1277,3,Wire_Bond
J1277,4,Molding
J1277,5,Rinse
J1277,6,Trim_Form
J1277,7,Laser_Marking
J1277,8,Electrical_Test
J1277,9,Final_Inspection
J1278,1,Wafer_Saw
J1278,2,Die_Attach
J1278,3,Wire_Bond
J1278,4,Molding
J1278,5,Rinse
J1278,6,Trim_Form
J1278,7,Laser_Marking
J1278,8,Electrical_Test
J1278,9,Final_Inspection
J1279,1,Wafer_Saw
J1279,2,Die_Attach
J1279,3,Wire_Bond
J1279,4,Molding
J1279,5,Rinse
J1279,6,Trim_Form
J1279,7,Laser_Marking
J1279,8,Electrical_Test
J1279,9,Final_Inspection
J1280,1,Wafer_Saw
J1280,2,Die_Attach
J1280,3,Wire_Bond
J1280,4,Molding
J1280,5,Rinse
J1280,6,Trim_Form
J1280,7,Laser_Marking
J1280,8,Electrical_Test
J1280,9,Final_Inspection
J1281,1,Wafer_Saw
J1281,2,Die_Attach
J1281,3,Wire_Bond
J1281,4,Molding
J1281,5,Rinse
J1281,6,Trim_Form
J1281,7,Laser_Marking
J1281,8,Electrical_Test
J1281,9,Final_Inspection
J1282,1,Wafer_Saw
J1282,2,Die_Attach
J1282,3,Wire_Bond
J1282,4,Molding
J1282,5,Rinse
J1282,6,Trim_Form
J1282,7,Laser_Marking
J1282,8,Electrical_Test
J1282,9,Final_Inspection
J1283,1,Wafer_Saw
J1283,2,Die_Attach
J1283,3,Wire_Bond
J1283,4,Molding
J1283,5,Rinse
J1283,6,Trim_Form
J1283,7,Laser_Marking
J1283,8,Electrical_Test
J1283,9,Final_Inspection
J1284,1,Wafer_Saw
J1284,2,Die_Attach
J1284,3,Wire_Bond
J1284,4,Molding
J1284,5,Rinse
J1284,6,Trim_Form
J1284,7,Laser_Marking
J1284,8,Electrical_Test
J1284,9,Final_Inspection
J1285,1,Wafer_Saw
J1285,2,Die_Attach
J1285,3,Wire_Bond
J1285,4,Molding
J1285,5,Rinse
J1285,6,Trim_Form
J1285,7,Laser_Marking
J1285,8,Electrical_Test
J1285,9,Final_Inspection
J1286,1,Wafer_Saw
J1286,2,Die_Attach
J1286,3,Wire_Bond
J1286,4,Molding
J1286,5,Rinse
J1286,6,Trim_Form
J1286,7,Laser_Marking
J1286,8,Electrical_Test
J1286,9,Final_Inspection
J1287,1,Wafer_Saw
J1287,2,Die_Attach
J1287,3,Wire_Bond
J1287,4,Molding
J1287,5,Rinse
J1287,6,Trim_Form
J1287,7,Laser_Marking
J1287,8,Electrical_Test
J1287,9,Final_Inspection
J1288,1,Wafer_Saw
J1288,2,Die_Attach
J1288,3,Wire_Bond
J1288,4,Molding
J1288,5,Rinse
J1288,6,Trim_Form
J1288,7,Laser_Marking
J1288,8,Electrical_Test
J1288,9,Final_Inspection
J1289,1,Wafer_Saw
J1289,2,Die_Attach
J1289,3,Wire_Bond
J1289,4,Molding
J1289,5,Rinse
J1289,6,Trim_Form
J1289,7,Laser_Marking
J1289,8,Electrical_Test
J1289,9,Final_Inspection
J1290,1,Wafer_Saw
J1290,2,Die_Attach
J1290,3,Wire_Bond
J1290,4,Molding
J1290,5,Rinse
J1290,6,Trim_Form
J1290,7,Laser_Marking
J1290,8,Electrical_Test
J1290,9,Final_Inspection
J1291,1,Wafer_Saw
J1291,2,Die_Attach
J1291,3,Wire_Bond
J1291,4,Molding
J1291,5,Rinse
J1291,6,Trim_Form
J1291,7,Laser_Marking
J1291,8,Electrical_Test
J1291,9,Final_Inspection
J1292,1,Wafer_Saw
J1292,2,Die_Attach
J1292,3,Wire_Bond
J1292,4,Molding
J1292,5,Rinse
J1292,6,Trim_Form
J1292,7,Laser_Marking
J1292,8,Electrical_Test
J1292,9,Final_Inspection
J1293,1,Wafer_Saw
J1293,2,Die_Attach
J1293,3,Wire_Bond
J1293,4,Molding
J1293,5,Rinse
J1293,6,Trim_Form
J1293,7,Laser_Marking
J1293,8,Electrical_Test
J1293,9,Final_Inspection
J1294,1,Wafer_Saw
J1294,2,Die_Attach
J1294,3,Wire_Bond
J1294,4,Molding
J1294,5,Rinse
J1294,6,Trim_Form
J1294,7,Laser_Marking
J1294,8,Electrical_Test
J1294,9,Final_Inspection
J1295,1,Wafer_Saw
J1295,2,Die_Attach
J1295,3,Wire_Bond
J1295,4,Molding
J1295,5,Rinse
J1295,6,Trim_Form
J1295,7,Laser_Marking
J1295,8,Electrical_Test
J1295,9,Final_Inspection
J1296,1,Wafer_Saw
J1296,2,Die_Attach
J1296,3,Wire_Bond
J1296,4,Molding
J1296,5,Rinse
J1296,6,Trim_Form
J1296,7,Laser_Marking
J1296,8,Electrical_Test
J1296,9,Final_Inspection
J1297,1,Wafer_Saw
J1297,2,Die_Attach
J1297,3,Wire_Bond
J1297,4,Molding
J1297,5,Rinse
J1297,6,Trim_Form
J1297,7,Laser_Marking
J1297,8,Electrical_Test
J1297,9,Final_Inspection
J1298,1,Wafer_Saw
J1298,2,Die_Attach
J1298,3,Wire_Bond
J1298,4,Molding
J1298,5,Rinse
J1298,6,Trim_Form
J1298,7,Laser_Marking
J1298,8,Electrical_Test
J1298,9,Final_Inspection
J1299,1,Wafer_Saw
J1299,2,Die_Attach
J1299,3,Wire_Bond
J1299,4,Molding
J1299,5,Rinse
J1299,6,Trim_Form
J1299,7,Laser_Marking
J1299,8,Electrical_Test
J1299,9,Final_Inspection
J1300,1,Wafer_Saw
J1300,2,Die_Attach
J1300,3,Wire_Bond
J1300,4,Molding
J1300,5,Rinse
J1300,6,Trim_Form
J1300,7,Laser_Marking
J1300,8,Electrical_Test
J1300,9,Final_Inspection
J1301,1,Wafer_Saw
J1301,2,Die_Attach
J1301,3,Wire_Bond
J1301,4,Molding
J1301,5,Rinse
J1301,6,Trim_Form
J1301,7,Laser_Marking
J1301,8,Electrical_Test
J1301,9,Final_Inspection
J1302,1,Wafer_Saw
J1302,2,Die_Attach
J1302,3,Wire_Bond
J1302,4,Molding
J1302,5,Rinse
J1302,6,Trim_Form
J1302,7,Laser_Marking
J1302,8,Electrical_Test
J1302,9,Final_Inspection
J1303,1,Wafer_Saw
J1303,2,Die_Attach
J1303,3,Wire_Bond
J1303,4,Molding
J1303,5,Rinse
J1303,6,Trim_Form
J1303,7,Electrical_Test
J1303,8,Final_Inspection
J1304,1,Wafer_Saw
J1304,2,Die_Attach
J1304,3,Wire_Bond
J1304,4,Molding
J1304,5,Rinse
J1304,6,Trim_Form
J1304,7,Electrical_Test
J1304,8,Final_Inspection
J1305,1,Wafer_Saw
J1305,2,Die_Attach
J1305,3,Wire_Bond
J1305,4,Molding
J1305,5,Rinse
J1305,6,Trim_Form
J1305,7,Electrical_Test
J1305,8,Final_Inspection
J1306,1,Wafer_Saw
J1306,2,Die_Attach
J1306,3,Wire_Bond
J1306,4,Molding
J1306,5,Rinse
J1306,6,Trim_Form
J1306,7,Electrical_Test
J1306,8,Final_Inspection
J1307,1,Wafer_Saw
J1307,2,Die_Attach
J1307,3,Wire_Bond
J1307,4,Molding
J1307,5,Rinse
J1307,6,Trim_Form
J1307,7,Electrical_Test
J1307,8,Final_Inspection
J1308,1,Wafer_Saw
J1308,2,Die_Attach
J1308,3,Wire_Bond
J1308,4,Molding
J1308,5,Rinse
J1308,6,Trim_Form
J1308,7,Electrical_Test
J1308,8,Final_Inspection
J1309,1,Wafer_Saw
J1309,2,Die_Attach
J1309,3,Wire_Bond
J1309,4,Molding
J1309,5,Rinse
J1309,6,Trim_Form
J1309,7,Electrical_Test
J1309,8,Final_Inspection
J1310,1,Wafer_Saw
J1310,2,Die_Attach
J1310,3,Wire_Bond
J1310,4,Molding
J1310,5,Rinse
J1310,6,Trim_Form
J1310,7,Electrical_Test
J1310,8,Final_Inspection
J1311,1,Wafer_Saw
J1311,2,Die_Attach
J1311,3,Wire_Bond
J1311,4,Molding
J1311,5,Rinse
J1311,6,Trim_Form
J1311,7,Electrical_Test
J1311,8,Final_Inspection
J1312,1,Wafer_Saw
J1312,2,Die_Attach
J1312,3,Wire_Bond
J1312,4,Molding
J1312,5,Rinse
J1312,6,Trim_Form
J1312,7,Electrical_Test
J1312,8,Final_Inspection
J1313,1,Wafer_Saw
J1313,2,Die_Attach
J1313,3,Wire_Bond
J1313,4,Molding
J1313,5,Rinse
J1313,6,Trim_Form
J1313,7,Electrical_Test
J1313,8,Final_Inspection
J1314,1,Wafer_Saw
J1314,2,Die_Attach
J1314,3,Wire_Bond
J1314,4,Molding
J1314,5,Rinse
J1314,6,Trim_Form
J1314,7,Electrical_Test
J1314,8,Final_Inspection
J1315,1,Wafer_Saw
J1315,2,Die_Attach
J1315,3,Wire_Bond
J1315,4,Molding
J1315,5,Rinse
J1315,6,Trim_Form
J1315,7,Electrical_Test
J1315,8,Final_Inspection
J1316,1,Wafer_Saw
J1316,2,Die_Attach
J1316,3,Wire_Bond
J1316,4,Molding
J1316,5,Rinse
J1316,6,Trim_Form
J1316,7,Electrical_Test
J1316,8,Final_Inspection
